Domain Code,Domain,Area Code (ISO3),Area,Element Code,Element,Item Code,Item,Year Code,Year,Unit,Value,Flag,Flag Description,Note
"OA","Annual population","AFG","Afghanistan","511","Total Population - Both sexes","3010","Population - Est. & Proj.","2018","2018","1000 persons","37171.921","X","International reliable sources",""
"OA","Annual population","ALB","Albania","511","Total Population - Both sexes","3010","Population - Est. & Proj.","2018","2018","1000 persons","2882.74","X","International reliable sources",""
"OA","Annual population","DZA","Algeria","511","Total Population - Both sexes","3010","Population - Est. & Proj.","2018","2018","1000 persons","42228.408","X","International reliable sources",""
"OA","Annual population","ASM","American Samoa","511","Total Population - Both sexes","3010","Population - Est. & Proj.","2018","2018","1000 persons","55.465","X","International reliable sources",""
"OA","Annual population","AND","Andorra","511","Total Population - Both sexes","3010","Population - Est. & Proj.","2018","2018","1000 persons","77.006","X","International reliable sources",""
"OA","Annual population","AGO","Angola","511","Total Population - Both sexes","3010","Population - Est. & Proj.","2018","2018","1000 persons","30809.787","X","International reliable sources",""
"OA","Annual population","AIA","Anguilla","511","Total Population - Both sexes","3010","Population - Est. & Proj.","2018","2018","1000 persons","14.731","X","International reliable sources",""
"OA","Annual population","ATG","Antigua and Barbuda","511","Total Population - Both sexes","3010","Population - Est. & Proj.","2018","2018","1000 persons","96.286","X","International reliable sources",""
"OA","Annual population","ARG","Argentina","511","Total Population - Both sexes","3010","Population - Est. & Proj.","2018","2018","1000 persons","44361.15","X","International reliable sources",""
"OA","Annual population","ARM","Armenia","511","Total Population - Both sexes","3010","Population - Est. & Proj.","2018","2018","1000 persons","2951.745","X","International reliable sources",""
"OA","Annual population","ABW","Aruba","511","Total Population - Both sexes","3010","Population - Est. & Proj.","2018","2018","1000 persons","105.845","X","International reliable sources",""
"OA","Annual population","AUS","Australia","511","Total Population - Both sexes","3010","Population - Est. & Proj.","2018","2018","1000 persons","24898.152","X","International reliable sources",""
"OA","Annual population","AUT","Austria","511","Total Population - Both sexes","3010","Population - Est. & Proj.","2018","2018","1000 persons","8891.388","X","International reliable sources",""
"OA","Annual population","AZE","Azerbaijan","511","Total Population - Both sexes","3010","Population - Est. & Proj.","2018","2018","1000 persons","9949.537","X","International reliable sources",""
"OA","Annual population","BHS","Bahamas","511","Total Population - Both sexes","3010","Population - Est. & Proj.","2018","2018","1000 persons","385.637","X","International reliable sources",""
"OA","Annual population","BHR","Bahrain","511","Total Population - Both sexes","3010","Population - Est. & Proj.","2018","2018","1000 persons","1569.446","X","International reliable sources",""
"OA","Annual population","BGD","Bangladesh","511","Total Population - Both sexes","3010","Population - Est. & Proj.","2018","2018","1000 persons","161376.708","X","International reliable sources",""
"OA","Annual population","BRB","Barbados","511","Total Population - Both sexes","3010","Population - Est. & Proj.","2018","2018","1000 persons","286.641","X","International reliable sources",""
"OA","Annual population","BLR","Belarus","511","Total Population - Both sexes","3010","Population - Est. & Proj.","2018","2018","1000 persons","9452.617","X","International reliable sources",""
"OA","Annual population","BEL","Belgium","511","Total Population - Both sexes","3010","Population - Est. & Proj.","2018","2018","1000 persons","11482.178","X","International reliable sources",""
"OA","Annual population","BLZ","Belize","511","Total Population - Both sexes","3010","Population - Est. & Proj.","2018","2018","1000 persons","383.071","X","International reliable sources",""
"OA","Annual population","BEN","Benin","511","Total Population - Both sexes","3010","Population - Est. & Proj.","2018","2018","1000 persons","11485.044","X","International reliable sources",""
"OA","Annual population","BMU","Bermuda","511","Total Population - Both sexes","3010","Population - Est. & Proj.","2018","2018","1000 persons","62.756","X","International reliable sources",""
"OA","Annual population","BTN","Bhutan","511","Total Population - Both sexes","3010","Population - Est. & Proj.","2018","2018","1000 persons","754.388","X","International reliable sources",""
"OA","Annual population","BOL","Bolivia (Plurinational State of)","511","Total Population - Both sexes","3010","Population - Est. & Proj.","2018","2018","1000 persons","11353.142","X","International reliable sources",""
"OA","Annual population","BES","Bonaire, Sint Eustatius and Saba","511","Total Population - Both sexes","3010","Population - Est. & Proj.","2018","2018","1000 persons","25.711","X","International reliable sources",""
"OA","Annual population","BIH","Bosnia and Herzegovina","511","Total Population - Both sexes","3010","Population - Est. & Proj.","2018","2018","1000 persons","3323.925","X","International reliable sources",""
"OA","Annual population","BWA","Botswana","511","Total Population - Both sexes","3010","Population - Est. & Proj.","2018","2018","1000 persons","2254.068","X","International reliable sources",""
"OA","Annual population","BRA","Brazil","511","Total Population - Both sexes","3010","Population - Est. & Proj.","2018","2018","1000 persons","209469.323","X","International reliable sources",""
"OA","Annual population","VGB","British Virgin Islands","511","Total Population - Both sexes","3010","Population - Est. & Proj.","2018","2018","1000 persons","29.802","X","International reliable sources",""
"OA","Annual population","BRN","Brunei Darussalam","511","Total Population - Both sexes","3010","Population - Est. & Proj.","2018","2018","1000 persons","428.963","X","International reliable sources",""
"OA","Annual population","BGR","Bulgaria","511","Total Population - Both sexes","3010","Population - Est. & Proj.","2018","2018","1000 persons","7051.608","X","International reliable sources",""
"OA","Annual population","BFA","Burkina Faso","511","Total Population - Both sexes","3010","Population - Est. & Proj.","2018","2018","1000 persons","19751.466","X","International reliable sources",""
"OA","Annual population","BDI","Burundi","511","Total Population - Both sexes","3010","Population - Est. & Proj.","2018","2018","1000 persons","11175.374","X","International reliable sources",""
"OA","Annual population","CPV","Cabo Verde","511","Total Population - Both sexes","3010","Population - Est. & Proj.","2018","2018","1000 persons","543.767","X","International reliable sources",""
"OA","Annual population","KHM","Cambodia","511","Total Population - Both sexes","3010","Population - Est. & Proj.","2018","2018","1000 persons","16249.792","X","International reliable sources",""
"OA","Annual population","CMR","Cameroon","511","Total Population - Both sexes","3010","Population - Est. & Proj.","2018","2018","1000 persons","25216.267","X","International reliable sources",""
"OA","Annual population","CAN","Canada","511","Total Population - Both sexes","3010","Population - Est. & Proj.","2018","2018","1000 persons","37074.562","X","International reliable sources",""
"OA","Annual population","CYM","Cayman Islands","511","Total Population - Both sexes","3010","Population - Est. & Proj.","2018","2018","1000 persons","64.174","X","International reliable sources",""
"OA","Annual population","CAF","Central African Republic","511","Total Population - Both sexes","3010","Population - Est. & Proj.","2018","2018","1000 persons","4666.368","X","International reliable sources",""
"OA","Annual population","TCD","Chad","511","Total Population - Both sexes","3010","Population - Est. & Proj.","2018","2018","1000 persons","15477.729","X","International reliable sources",""
"OA","Annual population","CHA","Channel Islands","511","Total Population - Both sexes","3010","Population - Est. & Proj.","2018","2018","1000 persons","170.499","X","International reliable sources",""
"OA","Annual population","CHL","Chile","511","Total Population - Both sexes","3010","Population - Est. & Proj.","2018","2018","1000 persons","18729.16","X","International reliable sources",""
"OA","Annual population","CHN","China","511","Total Population - Both sexes","3010","Population - Est. & Proj.","2018","2018","1000 persons","1459377.612","A","Aggregate, may include official, semi-official, estimated or calculated data",""
"OA","Annual population","HKG","China, Hong Kong SAR","511","Total Population - Both sexes","3010","Population - Est. & Proj.","2018","2018","1000 persons","7371.73","X","International reliable sources",""
"OA","Annual population","MAC","China, Macao SAR","511","Total Population - Both sexes","3010","Population - Est. & Proj.","2018","2018","1000 persons","631.636","X","International reliable sources",""
"OA","Annual population","F41","China, mainland","511","Total Population - Both sexes","3010","Population - Est. & Proj.","2018","2018","1000 persons","1427647.786","X","International reliable sources",""
"OA","Annual population","TWN","China, Taiwan Province of","511","Total Population - Both sexes","3010","Population - Est. & Proj.","2018","2018","1000 persons","23726.46","X","International reliable sources",""
"OA","Annual population","COL","Colombia","511","Total Population - Both sexes","3010","Population - Est. & Proj.","2018","2018","1000 persons","49661.048","X","International reliable sources",""
"OA","Annual population","COM","Comoros","511","Total Population - Both sexes","3010","Population - Est. & Proj.","2018","2018","1000 persons","832.322","X","International reliable sources",""
"OA","Annual population","COG","Congo","511","Total Population - Both sexes","3010","Population - Est. & Proj.","2018","2018","1000 persons","5244.359","X","International reliable sources",""
"OA","Annual population","COK","Cook Islands","511","Total Population - Both sexes","3010","Population - Est. & Proj.","2018","2018","1000 persons","17.518","X","International reliable sources",""
"OA","Annual population","CRI","Costa Rica","511","Total Population - Both sexes","3010","Population - Est. & Proj.","2018","2018","1000 persons","4999.441","X","International reliable sources",""
"OA","Annual population","CIV","Côte d'Ivoire","511","Total Population - Both sexes","3010","Population - Est. & Proj.","2018","2018","1000 persons","25069.23","X","International reliable sources",""
"OA","Annual population","HRV","Croatia","511","Total Population - Both sexes","3010","Population - Est. & Proj.","2018","2018","1000 persons","4156.405","X","International reliable sources",""
"OA","Annual population","CUB","Cuba","511","Total Population - Both sexes","3010","Population - Est. & Proj.","2018","2018","1000 persons","11338.134","X","International reliable sources",""
"OA","Annual population","CUW","Curaçao","511","Total Population - Both sexes","3010","Population - Est. & Proj.","2018","2018","1000 persons","162.752","X","International reliable sources",""
"OA","Annual population","CYP","Cyprus","511","Total Population - Both sexes","3010","Population - Est. & Proj.","2018","2018","1000 persons","1189.265","X","International reliable sources",""
"OA","Annual population","CZE","Czechia","511","Total Population - Both sexes","3010","Population - Est. & Proj.","2018","2018","1000 persons","10665.677","X","International reliable sources",""
"OA","Annual population","PRK","Democratic People's Republic of Korea","511","Total Population - Both sexes","3010","Population - Est. & Proj.","2018","2018","1000 persons","25549.604","X","International reliable sources",""
"OA","Annual population","COD","Democratic Republic of the Congo","511","Total Population - Both sexes","3010","Population - Est. & Proj.","2018","2018","1000 persons","84068.091","X","International reliable sources",""
"OA","Annual population","DNK","Denmark","511","Total Population - Both sexes","3010","Population - Est. & Proj.","2018","2018","1000 persons","5752.126","X","International reliable sources",""
"OA","Annual population","DJI","Djibouti","511","Total Population - Both sexes","3010","Population - Est. & Proj.","2018","2018","1000 persons","958.923","X","International reliable sources",""
"OA","Annual population","DMA","Dominica","511","Total Population - Both sexes","3010","Population - Est. & Proj.","2018","2018","1000 persons","71.625","X","International reliable sources",""
"OA","Annual population","DOM","Dominican Republic","511","Total Population - Both sexes","3010","Population - Est. & Proj.","2018","2018","1000 persons","10627.141","X","International reliable sources",""
"OA","Annual population","ECU","Ecuador","511","Total Population - Both sexes","3010","Population - Est. & Proj.","2018","2018","1000 persons","17084.358","X","International reliable sources",""
"OA","Annual population","EGY","Egypt","511","Total Population - Both sexes","3010","Population - Est. & Proj.","2018","2018","1000 persons","98423.598","X","International reliable sources",""
"OA","Annual population","SLV","El Salvador","511","Total Population - Both sexes","3010","Population - Est. & Proj.","2018","2018","1000 persons","6420.746","X","International reliable sources",""
"OA","Annual population","GNQ","Equatorial Guinea","511","Total Population - Both sexes","3010","Population - Est. & Proj.","2018","2018","1000 persons","1308.975","X","International reliable sources",""
"OA","Annual population","ERI","Eritrea","511","Total Population - Both sexes","3010","Population - Est. & Proj.","2018","2018","1000 persons","3452.786","X","International reliable sources",""
"OA","Annual population","EST","Estonia","511","Total Population - Both sexes","3010","Population - Est. & Proj.","2018","2018","1000 persons","1322.92","X","International reliable sources",""
"OA","Annual population","SWZ","Eswatini","511","Total Population - Both sexes","3010","Population - Est. & Proj.","2018","2018","1000 persons","1136.281","X","International reliable sources",""
"OA","Annual population","ETH","Ethiopia","511","Total Population - Both sexes","3010","Population - Est. & Proj.","2018","2018","1000 persons","109224.414","X","International reliable sources",""
"OA","Annual population","FLK","Falkland Islands (Malvinas)","511","Total Population - Both sexes","3010","Population - Est. & Proj.","2018","2018","1000 persons","3.234","X","International reliable sources",""
"OA","Annual population","FRO","Faroe Islands","511","Total Population - Both sexes","3010","Population - Est. & Proj.","2018","2018","1000 persons","48.497","X","International reliable sources",""
"OA","Annual population","FJI","Fiji","511","Total Population - Both sexes","3010","Population - Est. & Proj.","2018","2018","1000 persons","883.483","X","International reliable sources",""
"OA","Annual population","FIN","Finland","511","Total Population - Both sexes","3010","Population - Est. & Proj.","2018","2018","1000 persons","5522.576","X","International reliable sources",""
"OA","Annual population","FRA","France","511","Total Population - Both sexes","3010","Population - Est. & Proj.","2018","2018","1000 persons","64990.511","X","International reliable sources",""
"OA","Annual population","GUF","French Guyana","511","Total Population - Both sexes","3010","Population - Est. & Proj.","2018","2018","1000 persons","282.938","X","International reliable sources",""
"OA","Annual population","PYF","French Polynesia","511","Total Population - Both sexes","3010","Population - Est. & Proj.","2018","2018","1000 persons","277.679","X","International reliable sources",""
"OA","Annual population","GAB","Gabon","511","Total Population - Both sexes","3010","Population - Est. & Proj.","2018","2018","1000 persons","2119.275","X","International reliable sources",""
"OA","Annual population","GMB","Gambia","511","Total Population - Both sexes","3010","Population - Est. & Proj.","2018","2018","1000 persons","2280.094","X","International reliable sources",""
"OA","Annual population","GEO","Georgia","511","Total Population - Both sexes","3010","Population - Est. & Proj.","2018","2018","1000 persons","4002.942","X","International reliable sources",""
"OA","Annual population","DEU","Germany","511","Total Population - Both sexes","3010","Population - Est. & Proj.","2018","2018","1000 persons","83124.418","X","International reliable sources",""
"OA","Annual population","GHA","Ghana","511","Total Population - Both sexes","3010","Population - Est. & Proj.","2018","2018","1000 persons","29767.102","X","International reliable sources",""
"OA","Annual population","GIB","Gibraltar","511","Total Population - Both sexes","3010","Population - Est. & Proj.","2018","2018","1000 persons","33.718","X","International reliable sources",""
"OA","Annual population","GRC","Greece","511","Total Population - Both sexes","3010","Population - Est. & Proj.","2018","2018","1000 persons","10522.246","X","International reliable sources",""
"OA","Annual population","GRL","Greenland","511","Total Population - Both sexes","3010","Population - Est. & Proj.","2018","2018","1000 persons","56.564","X","International reliable sources",""
"OA","Annual population","GRD","Grenada","511","Total Population - Both sexes","3010","Population - Est. & Proj.","2018","2018","1000 persons","111.454","X","International reliable sources",""
"OA","Annual population","GLP","Guadeloupe","511","Total Population - Both sexes","3010","Population - Est. & Proj.","2018","2018","1000 persons","399.848","X","International reliable sources",""
"OA","Annual population","GUM","Guam","511","Total Population - Both sexes","3010","Population - Est. & Proj.","2018","2018","1000 persons","165.768","X","International reliable sources",""
"OA","Annual population","GTM","Guatemala","511","Total Population - Both sexes","3010","Population - Est. & Proj.","2018","2018","1000 persons","17247.849","X","International reliable sources",""
"OA","Annual population","GIN","Guinea","511","Total Population - Both sexes","3010","Population - Est. & Proj.","2018","2018","1000 persons","12414.293","X","International reliable sources",""
"OA","Annual population","GNB","Guinea-Bissau","511","Total Population - Both sexes","3010","Population - Est. & Proj.","2018","2018","1000 persons","1874.303","X","International reliable sources",""
"OA","Annual population","GUY","Guyana","511","Total Population - Both sexes","3010","Population - Est. & Proj.","2018","2018","1000 persons","779.006","X","International reliable sources",""
"OA","Annual population","HTI","Haiti","511","Total Population - Both sexes","3010","Population - Est. & Proj.","2018","2018","1000 persons","11123.178","X","International reliable sources",""
"OA","Annual population","VAT","Holy See","511","Total Population - Both sexes","3010","Population - Est. & Proj.","2018","2018","1000 persons","0.801","X","International reliable sources","UNDESA, Population Division – World Population Prospects, the 2017 Revision"
"OA","Annual population","HND","Honduras","511","Total Population - Both sexes","3010","Population - Est. & Proj.","2018","2018","1000 persons","9587.522","X","International reliable sources",""
"OA","Annual population","HUN","Hungary","511","Total Population - Both sexes","3010","Population - Est. & Proj.","2018","2018","1000 persons","9707.499","X","International reliable sources",""
"OA","Annual population","ISL","Iceland","511","Total Population - Both sexes","3010","Population - Est. & Proj.","2018","2018","1000 persons","336.713","X","International reliable sources",""
"OA","Annual population","IND","India","511","Total Population - Both sexes","3010","Population - Est. & Proj.","2018","2018","1000 persons","1352642.28","X","International reliable sources",""
"OA","Annual population","IDN","Indonesia","511","Total Population - Both sexes","3010","Population - Est. & Proj.","2018","2018","1000 persons","267670.543","X","International reliable sources",""
"OA","Annual population","IRN","Iran (Islamic Republic of)","511","Total Population - Both sexes","3010","Population - Est. & Proj.","2018","2018","1000 persons","81800.188","X","International reliable sources",""
"OA","Annual population","IRQ","Iraq","511","Total Population - Both sexes","3010","Population - Est. & Proj.","2018","2018","1000 persons","38433.6","X","International reliable sources",""
"OA","Annual population","IRL","Ireland","511","Total Population - Both sexes","3010","Population - Est. & Proj.","2018","2018","1000 persons","4818.69","X","International reliable sources",""
"OA","Annual population","IMN","Isle of Man","511","Total Population - Both sexes","3010","Population - Est. & Proj.","2018","2018","1000 persons","84.077","X","International reliable sources",""
"OA","Annual population","ISR","Israel","511","Total Population - Both sexes","3010","Population - Est. & Proj.","2018","2018","1000 persons","8381.516","X","International reliable sources",""
"OA","Annual population","ITA","Italy","511","Total Population - Both sexes","3010","Population - Est. & Proj.","2018","2018","1000 persons","60627.291","X","International reliable sources",""
"OA","Annual population","JAM","Jamaica","511","Total Population - Both sexes","3010","Population - Est. & Proj.","2018","2018","1000 persons","2934.847","X","International reliable sources",""
"OA","Annual population","JPN","Japan","511","Total Population - Both sexes","3010","Population - Est. & Proj.","2018","2018","1000 persons","127202.192","X","International reliable sources",""
"OA","Annual population","JOR","Jordan","511","Total Population - Both sexes","3010","Population - Est. & Proj.","2018","2018","1000 persons","9965.318","X","International reliable sources",""
"OA","Annual population","KAZ","Kazakhstan","511","Total Population - Both sexes","3010","Population - Est. & Proj.","2018","2018","1000 persons","18319.618","X","International reliable sources",""
"OA","Annual population","KEN","Kenya","511","Total Population - Both sexes","3010","Population - Est. & Proj.","2018","2018","1000 persons","51392.565","X","International reliable sources",""
"OA","Annual population","KIR","Kiribati","511","Total Population - Both sexes","3010","Population - Est. & Proj.","2018","2018","1000 persons","115.847","X","International reliable sources",""
"OA","Annual population","KWT","Kuwait","511","Total Population - Both sexes","3010","Population - Est. & Proj.","2018","2018","1000 persons","4137.312","X","International reliable sources",""
"OA","Annual population","KGZ","Kyrgyzstan","511","Total Population - Both sexes","3010","Population - Est. & Proj.","2018","2018","1000 persons","6304.03","X","International reliable sources",""
"OA","Annual population","LAO","Lao People's Democratic Republic","511","Total Population - Both sexes","3010","Population - Est. & Proj.","2018","2018","1000 persons","7061.507","X","International reliable sources",""
"OA","Annual population","LVA","Latvia","511","Total Population - Both sexes","3010","Population - Est. & Proj.","2018","2018","1000 persons","1928.459","X","International reliable sources",""
"OA","Annual population","LBN","Lebanon","511","Total Population - Both sexes","3010","Population - Est. & Proj.","2018","2018","1000 persons","6859.408","X","International reliable sources",""
"OA","Annual population","LSO","Lesotho","511","Total Population - Both sexes","3010","Population - Est. & Proj.","2018","2018","1000 persons","2108.328","X","International reliable sources",""
"OA","Annual population","LBR","Liberia","511","Total Population - Both sexes","3010","Population - Est. & Proj.","2018","2018","1000 persons","4818.973","X","International reliable sources",""
"OA","Annual population","LBY","Libya","511","Total Population - Both sexes","3010","Population - Est. & Proj.","2018","2018","1000 persons","6678.559","X","International reliable sources",""
"OA","Annual population","LIE","Liechtenstein","511","Total Population - Both sexes","3010","Population - Est. & Proj.","2018","2018","1000 persons","37.91","X","International reliable sources",""
"OA","Annual population","LTU","Lithuania","511","Total Population - Both sexes","3010","Population - Est. & Proj.","2018","2018","1000 persons","2801.264","X","International reliable sources",""
"OA","Annual population","LUX","Luxembourg","511","Total Population - Both sexes","3010","Population - Est. & Proj.","2018","2018","1000 persons","604.245","X","International reliable sources",""
"OA","Annual population","MDG","Madagascar","511","Total Population - Both sexes","3010","Population - Est. & Proj.","2018","2018","1000 persons","26262.313","X","International reliable sources",""
"OA","Annual population","MWI","Malawi","511","Total Population - Both sexes","3010","Population - Est. & Proj.","2018","2018","1000 persons","18143.217","X","International reliable sources",""
"OA","Annual population","MYS","Malaysia","511","Total Population - Both sexes","3010","Population - Est. & Proj.","2018","2018","1000 persons","31528.033","X","International reliable sources",""
"OA","Annual population","MDV","Maldives","511","Total Population - Both sexes","3010","Population - Est. & Proj.","2018","2018","1000 persons","515.696","X","International reliable sources",""
"OA","Annual population","MLI","Mali","511","Total Population - Both sexes","3010","Population - Est. & Proj.","2018","2018","1000 persons","19077.749","X","International reliable sources",""
"OA","Annual population","MLT","Malta","511","Total Population - Both sexes","3010","Population - Est. & Proj.","2018","2018","1000 persons","439.248","X","International reliable sources",""
"OA","Annual population","MHL","Marshall Islands","511","Total Population - Both sexes","3010","Population - Est. & Proj.","2018","2018","1000 persons","58.413","X","International reliable sources",""
"OA","Annual population","MTQ","Martinique","511","Total Population - Both sexes","3010","Population - Est. & Proj.","2018","2018","1000 persons","375.673","X","International reliable sources",""
"OA","Annual population","MRT","Mauritania","511","Total Population - Both sexes","3010","Population - Est. & Proj.","2018","2018","1000 persons","4403.313","X","International reliable sources",""
"OA","Annual population","MUS","Mauritius","511","Total Population - Both sexes","3010","Population - Est. & Proj.","2018","2018","1000 persons","1267.185","X","International reliable sources",""
"OA","Annual population","MYT","Mayotte","511","Total Population - Both sexes","3010","Population - Est. & Proj.","2018","2018","1000 persons","259.531","X","International reliable sources",""
"OA","Annual population","MEX","Mexico","511","Total Population - Both sexes","3010","Population - Est. & Proj.","2018","2018","1000 persons","126190.788","X","International reliable sources",""
"OA","Annual population","FSM","Micronesia (Federated States of)","511","Total Population - Both sexes","3010","Population - Est. & Proj.","2018","2018","1000 persons","112.64","X","International reliable sources",""
"OA","Annual population","MCO","Monaco","511","Total Population - Both sexes","3010","Population - Est. & Proj.","2018","2018","1000 persons","38.682","X","International reliable sources",""
"OA","Annual population","MNG","Mongolia","511","Total Population - Both sexes","3010","Population - Est. & Proj.","2018","2018","1000 persons","3170.216","X","International reliable sources",""
"OA","Annual population","MNE","Montenegro","511","Total Population - Both sexes","3010","Population - Est. & Proj.","2018","2018","1000 persons","627.809","X","International reliable sources",""
"OA","Annual population","MSR","Montserrat","511","Total Population - Both sexes","3010","Population - Est. & Proj.","2018","2018","1000 persons","4.993","X","International reliable sources",""
"OA","Annual population","MAR","Morocco","511","Total Population - Both sexes","3010","Population - Est. & Proj.","2018","2018","1000 persons","36029.093","X","International reliable sources",""
"OA","Annual population","MOZ","Mozambique","511","Total Population - Both sexes","3010","Population - Est. & Proj.","2018","2018","1000 persons","29496.004","X","International reliable sources",""
"OA","Annual population","MMR","Myanmar","511","Total Population - Both sexes","3010","Population - Est. & Proj.","2018","2018","1000 persons","53708.32","X","International reliable sources",""
"OA","Annual population","NAM","Namibia","511","Total Population - Both sexes","3010","Population - Est. & Proj.","2018","2018","1000 persons","2448.301","X","International reliable sources",""
"OA","Annual population","NRU","Nauru","511","Total Population - Both sexes","3010","Population - Est. & Proj.","2018","2018","1000 persons","10.67","X","International reliable sources",""
"OA","Annual population","NPL","Nepal","511","Total Population - Both sexes","3010","Population - Est. & Proj.","2018","2018","1000 persons","28095.714","X","International reliable sources",""
"OA","Annual population","NLD","Netherlands","511","Total Population - Both sexes","3010","Population - Est. & Proj.","2018","2018","1000 persons","17059.56","X","International reliable sources",""
"OA","Annual population","ANT","Netherlands Antilles (former)","511","Total Population - Both sexes","3010","Population - Est. & Proj.","2018","2018","1000 persons","277.483","A","Aggregate, may include official, semi-official, estimated or calculated data",""
"OA","Annual population","NCL","New Caledonia","511","Total Population - Both sexes","3010","Population - Est. & Proj.","2018","2018","1000 persons","279.993","X","International reliable sources",""
"OA","Annual population","NZL","New Zealand","511","Total Population - Both sexes","3010","Population - Est. & Proj.","2018","2018","1000 persons","4743.131","X","International reliable sources",""
"OA","Annual population","NIC","Nicaragua","511","Total Population - Both sexes","3010","Population - Est. & Proj.","2018","2018","1000 persons","6465.501","X","International reliable sources",""
"OA","Annual population","NER","Niger","511","Total Population - Both sexes","3010","Population - Est. & Proj.","2018","2018","1000 persons","22442.822","X","International reliable sources",""
"OA","Annual population","NGA","Nigeria","511","Total Population - Both sexes","3010","Population - Est. & Proj.","2018","2018","1000 persons","195874.683","X","International reliable sources",""
"OA","Annual population","NIU","Niue","511","Total Population - Both sexes","3010","Population - Est. & Proj.","2018","2018","1000 persons","1.62","X","International reliable sources",""
"OA","Annual population","MKD","North Macedonia","511","Total Population - Both sexes","3010","Population - Est. & Proj.","2018","2018","1000 persons","2082.957","X","International reliable sources",""
"OA","Annual population","MNP","Northern Mariana Islands","511","Total Population - Both sexes","3010","Population - Est. & Proj.","2018","2018","1000 persons","56.882","X","International reliable sources",""
"OA","Annual population","NOR","Norway","511","Total Population - Both sexes","3010","Population - Est. & Proj.","2018","2018","1000 persons","5337.962","X","International reliable sources",""
"OA","Annual population","OMN","Oman","511","Total Population - Both sexes","3010","Population - Est. & Proj.","2018","2018","1000 persons","4829.473","X","International reliable sources",""
"OA","Annual population","PAK","Pakistan","511","Total Population - Both sexes","3010","Population - Est. & Proj.","2018","2018","1000 persons","212228.286","X","International reliable sources",""
"OA","Annual population","PLW","Palau","511","Total Population - Both sexes","3010","Population - Est. & Proj.","2018","2018","1000 persons","17.907","X","International reliable sources",""
"OA","Annual population","PSE","Palestine","511","Total Population - Both sexes","3010","Population - Est. & Proj.","2018","2018","1000 persons","4862.979","X","International reliable sources",""
"OA","Annual population","PAN","Panama","511","Total Population - Both sexes","3010","Population - Est. & Proj.","2018","2018","1000 persons","4176.869","X","International reliable sources",""
"OA","Annual population","PNG","Papua New Guinea","511","Total Population - Both sexes","3010","Population - Est. & Proj.","2018","2018","1000 persons","8606.323","X","International reliable sources",""
"OA","Annual population","PRY","Paraguay","511","Total Population - Both sexes","3010","Population - Est. & Proj.","2018","2018","1000 persons","6956.066","X","International reliable sources",""
"OA","Annual population","PER","Peru","511","Total Population - Both sexes","3010","Population - Est. & Proj.","2018","2018","1000 persons","31989.26","X","International reliable sources",""
"OA","Annual population","PHL","Philippines","511","Total Population - Both sexes","3010","Population - Est. & Proj.","2018","2018","1000 persons","106651.394","X","International reliable sources",""
"OA","Annual population","POL","Poland","511","Total Population - Both sexes","3010","Population - Est. & Proj.","2018","2018","1000 persons","37921.592","X","International reliable sources",""
"OA","Annual population","PRT","Portugal","511","Total Population - Both sexes","3010","Population - Est. & Proj.","2018","2018","1000 persons","10256.193","X","International reliable sources",""
"OA","Annual population","PRI","Puerto Rico","511","Total Population - Both sexes","3010","Population - Est. & Proj.","2018","2018","1000 persons","3039.596","X","International reliable sources",""
"OA","Annual population","QAT","Qatar","511","Total Population - Both sexes","3010","Population - Est. & Proj.","2018","2018","1000 persons","2781.682","X","International reliable sources",""
"OA","Annual population","KOR","Republic of Korea","511","Total Population - Both sexes","3010","Population - Est. & Proj.","2018","2018","1000 persons","51171.706","X","International reliable sources",""
"OA","Annual population","MDA","Republic of Moldova","511","Total Population - Both sexes","3010","Population - Est. & Proj.","2018","2018","1000 persons","4051.944","X","International reliable sources",""
"OA","Annual population","REU","Réunion","511","Total Population - Both sexes","3010","Population - Est. & Proj.","2018","2018","1000 persons","882.526","X","International reliable sources",""
"OA","Annual population","ROU","Romania","511","Total Population - Both sexes","3010","Population - Est. & Proj.","2018","2018","1000 persons","19506.114","X","International reliable sources",""
"OA","Annual population","RUS","Russian Federation","511","Total Population - Both sexes","3010","Population - Est. & Proj.","2018","2018","1000 persons","145734.038","X","International reliable sources",""
"OA","Annual population","RWA","Rwanda","511","Total Population - Both sexes","3010","Population - Est. & Proj.","2018","2018","1000 persons","12301.97","X","International reliable sources",""
"OA","Annual population","BLM","Saint Barthélemy","511","Total Population - Both sexes","3010","Population - Est. & Proj.","2018","2018","1000 persons","9.816","X","International reliable sources",""
"OA","Annual population","SHN","Saint Helena, Ascension and Tristan da Cunha","511","Total Population - Both sexes","3010","Population - Est. & Proj.","2018","2018","1000 persons","6.035","X","International reliable sources",""
"OA","Annual population","KNA","Saint Kitts and Nevis","511","Total Population - Both sexes","3010","Population - Est. & Proj.","2018","2018","1000 persons","52.441","X","International reliable sources",""
"OA","Annual population","LCA","Saint Lucia","511","Total Population - Both sexes","3010","Population - Est. & Proj.","2018","2018","1000 persons","181.889","X","International reliable sources",""
"OA","Annual population","SPM","Saint Pierre and Miquelon","511","Total Population - Both sexes","3010","Population - Est. & Proj.","2018","2018","1000 persons","5.849","X","International reliable sources",""
"OA","Annual population","VCT","Saint Vincent and the Grenadines","511","Total Population - Both sexes","3010","Population - Est. & Proj.","2018","2018","1000 persons","110.211","X","International reliable sources",""
"OA","Annual population","MAF","Saint-Martin (French part)","511","Total Population - Both sexes","3010","Population - Est. & Proj.","2018","2018","1000 persons","37.264","X","International reliable sources",""
"OA","Annual population","WSM","Samoa","511","Total Population - Both sexes","3010","Population - Est. & Proj.","2018","2018","1000 persons","196.129","X","International reliable sources",""
"OA","Annual population","SMR","San Marino","511","Total Population - Both sexes","3010","Population - Est. & Proj.","2018","2018","1000 persons","33.785","X","International reliable sources",""
"OA","Annual population","STP","Sao Tome and Principe","511","Total Population - Both sexes","3010","Population - Est. & Proj.","2018","2018","1000 persons","211.028","X","International reliable sources",""
"OA","Annual population","SAU","Saudi Arabia","511","Total Population - Both sexes","3010","Population - Est. & Proj.","2018","2018","1000 persons","33702.756","X","International reliable sources",""
"OA","Annual population","SEN","Senegal","511","Total Population - Both sexes","3010","Population - Est. & Proj.","2018","2018","1000 persons","15854.323","X","International reliable sources",""
"OA","Annual population","SRB","Serbia","511","Total Population - Both sexes","3010","Population - Est. & Proj.","2018","2018","1000 persons","8802.754","X","International reliable sources",""
"OA","Annual population","SYC","Seychelles","511","Total Population - Both sexes","3010","Population - Est. & Proj.","2018","2018","1000 persons","97.096","X","International reliable sources",""
"OA","Annual population","SLE","Sierra Leone","511","Total Population - Both sexes","3010","Population - Est. & Proj.","2018","2018","1000 persons","7650.15","X","International reliable sources",""
"OA","Annual population","SGP","Singapore","511","Total Population - Both sexes","3010","Population - Est. & Proj.","2018","2018","1000 persons","5757.499","X","International reliable sources",""
"OA","Annual population","SXM","Sint Maarten (Dutch part)","511","Total Population - Both sexes","3010","Population - Est. & Proj.","2018","2018","1000 persons","41.94","X","International reliable sources",""
"OA","Annual population","SVK","Slovakia","511","Total Population - Both sexes","3010","Population - Est. & Proj.","2018","2018","1000 persons","5453.014","X","International reliable sources",""
"OA","Annual population","SVN","Slovenia","511","Total Population - Both sexes","3010","Population - Est. & Proj.","2018","2018","1000 persons","2077.837","X","International reliable sources",""
"OA","Annual population","SLB","Solomon Islands","511","Total Population - Both sexes","3010","Population - Est. & Proj.","2018","2018","1000 persons","652.857","X","International reliable sources",""
"OA","Annual population","SOM","Somalia","511","Total Population - Both sexes","3010","Population - Est. & Proj.","2018","2018","1000 persons","15008.226","X","International reliable sources",""
"OA","Annual population","ZAF","South Africa","511","Total Population - Both sexes","3010","Population - Est. & Proj.","2018","2018","1000 persons","57792.518","X","International reliable sources",""
"OA","Annual population","SSD","South Sudan","511","Total Population - Both sexes","3010","Population - Est. & Proj.","2018","2018","1000 persons","10975.927","X","International reliable sources",""
"OA","Annual population","ESP","Spain","511","Total Population - Both sexes","3010","Population - Est. & Proj.","2018","2018","1000 persons","46692.858","X","International reliable sources",""
"OA","Annual population","LKA","Sri Lanka","511","Total Population - Both sexes","3010","Population - Est. & Proj.","2018","2018","1000 persons","21228.763","X","International reliable sources",""
"OA","Annual population","SDN","Sudan","511","Total Population - Both sexes","3010","Population - Est. & Proj.","2018","2018","1000 persons","41801.533","X","International reliable sources",""
"OA","Annual population","SUR","Suriname","511","Total Population - Both sexes","3010","Population - Est. & Proj.","2018","2018","1000 persons","575.99","X","International reliable sources",""
"OA","Annual population","SWE","Sweden","511","Total Population - Both sexes","3010","Population - Est. & Proj.","2018","2018","1000 persons","9971.638","X","International reliable sources",""
"OA","Annual population","CHE","Switzerland","511","Total Population - Both sexes","3010","Population - Est. & Proj.","2018","2018","1000 persons","8525.611","X","International reliable sources",""
"OA","Annual population","SYR","Syrian Arab Republic","511","Total Population - Both sexes","3010","Population - Est. & Proj.","2018","2018","1000 persons","16945.057","X","International reliable sources",""
"OA","Annual population","TJK","Tajikistan","511","Total Population - Both sexes","3010","Population - Est. & Proj.","2018","2018","1000 persons","9100.835","X","International reliable sources",""
"OA","Annual population","THA","Thailand","511","Total Population - Both sexes","3010","Population - Est. & Proj.","2018","2018","1000 persons","69428.453","X","International reliable sources",""
"OA","Annual population","TLS","Timor-Leste","511","Total Population - Both sexes","3010","Population - Est. & Proj.","2018","2018","1000 persons","1267.974","X","International reliable sources",""
"OA","Annual population","TGO","Togo","511","Total Population - Both sexes","3010","Population - Est. & Proj.","2018","2018","1000 persons","7889.093","X","International reliable sources",""
"OA","Annual population","TKL","Tokelau","511","Total Population - Both sexes","3010","Population - Est. & Proj.","2018","2018","1000 persons","1.319","X","International reliable sources","UNDESA, Population Division – World Population Prospects, the 2017 Revision"
"OA","Annual population","TON","Tonga","511","Total Population - Both sexes","3010","Population - Est. & Proj.","2018","2018","1000 persons","103.197","X","International reliable sources",""
"OA","Annual population","TTO","Trinidad and Tobago","511","Total Population - Both sexes","3010","Population - Est. & Proj.","2018","2018","1000 persons","1389.843","X","International reliable sources",""
"OA","Annual population","TUN","Tunisia","511","Total Population - Both sexes","3010","Population - Est. & Proj.","2018","2018","1000 persons","11565.201","X","International reliable sources",""
"OA","Annual population","TUR","Türkiye","511","Total Population - Both sexes","3010","Population - Est. & Proj.","2018","2018","1000 persons","82340.088","X","International reliable sources",""
"OA","Annual population","TKM","Turkmenistan","511","Total Population - Both sexes","3010","Population - Est. & Proj.","2018","2018","1000 persons","5850.901","X","International reliable sources",""
"OA","Annual population","TCA","Turks and Caicos Islands","511","Total Population - Both sexes","3010","Population - Est. & Proj.","2018","2018","1000 persons","37.665","X","International reliable sources",""
"OA","Annual population","TUV","Tuvalu","511","Total Population - Both sexes","3010","Population - Est. & Proj.","2018","2018","1000 persons","11.508","X","International reliable sources",""
"OA","Annual population","UGA","Uganda","511","Total Population - Both sexes","3010","Population - Est. & Proj.","2018","2018","1000 persons","42729.036","X","International reliable sources",""
"OA","Annual population","UKR","Ukraine","511","Total Population - Both sexes","3010","Population - Est. & Proj.","2018","2018","1000 persons","44246.156","X","International reliable sources",""
"OA","Annual population","ARE","United Arab Emirates","511","Total Population - Both sexes","3010","Population - Est. & Proj.","2018","2018","1000 persons","9630.959","X","International reliable sources",""
"OA","Annual population","GBR","United Kingdom of Great Britain and Northern Ireland","511","Total Population - Both sexes","3010","Population - Est. & Proj.","2018","2018","1000 persons","67141.684","X","International reliable sources",""
"OA","Annual population","TZA","United Republic of Tanzania","511","Total Population - Both sexes","3010","Population - Est. & Proj.","2018","2018","1000 persons","56313.438","X","International reliable sources",""
"OA","Annual population","USA","United States of America","511","Total Population - Both sexes","3010","Population - Est. & Proj.","2018","2018","1000 persons","327096.265","X","International reliable sources",""
"OA","Annual population","VIR","United States Virgin Islands","511","Total Population - Both sexes","3010","Population - Est. & Proj.","2018","2018","1000 persons","104.68","X","International reliable sources",""
"OA","Annual population","URY","Uruguay","511","Total Population - Both sexes","3010","Population - Est. & Proj.","2018","2018","1000 persons","3449.285","X","International reliable sources",""
"OA","Annual population","UZB","Uzbekistan","511","Total Population - Both sexes","3010","Population - Est. & Proj.","2018","2018","1000 persons","32476.244","X","International reliable sources",""
"OA","Annual population","VUT","Vanuatu","511","Total Population - Both sexes","3010","Population - Est. & Proj.","2018","2018","1000 persons","292.68","X","International reliable sources",""
"OA","Annual population","VEN","Venezuela (Bolivarian Republic of)","511","Total Population - Both sexes","3010","Population - Est. & Proj.","2018","2018","1000 persons","28887.118","X","International reliable sources",""
"OA","Annual population","VNM","Viet Nam","511","Total Population - Both sexes","3010","Population - Est. & Proj.","2018","2018","1000 persons","95545.962","X","International reliable sources",""
"OA","Annual population","WLF","Wallis and Futuna Islands","511","Total Population - Both sexes","3010","Population - Est. & Proj.","2018","2018","1000 persons","11.661","X","International reliable sources",""
"OA","Annual population","ESH","Western Sahara","511","Total Population - Both sexes","3010","Population - Est. & Proj.","2018","2018","1000 persons","567.402","X","International reliable sources",""
"OA","Annual population","YEM","Yemen","511","Total Population - Both sexes","3010","Population - Est. & Proj.","2018","2018","1000 persons","28498.683","X","International reliable sources",""
"OA","Annual population","ZMB","Zambia","511","Total Population - Both sexes","3010","Population - Est. & Proj.","2018","2018","1000 persons","17351.708","X","International reliable sources",""
"OA","Annual population","ZWE","Zimbabwe","511","Total Population - Both sexes","3010","Population - Est. & Proj.","2018","2018","1000 persons","14438.802","X","International reliable sources",""
